Id;Lon;Lat;Z_DSM;Bearing;DistanceValue;DistanceUnit;Z_sampled;dZ
1;39.05349555;51.50820758;88.0501;215.6142;6.1083;m;90.1511;2.101
2;39.05344432;51.50816294;88.0501;215.6142;6.1083;m;89.9418;1.8917
3;39.05339309;51.50811831;88.0501;215.6142;6.1083;m;89.9418;1.8917
4;39.05334186;51.50807368;88.0501;215.6142;6.1083;m;89.9418;1.8917
5;39.05329062;51.50802904;88.0501;215.6142;6.1083;m;89.9418;1.8917
6;39.05323939;51.50798441;88.0501;215.6142;6.1083;m;89.9418;1.8917
7;39.05318816;51.50793978;88.0501;215.6142;6.1083;m;90.1925;2.1424
8;39.05313693;51.50789514;88.0501;215.6142;6.1083;m;90.111;2.0609
9;39.0530857;51.50785051;88.0501;215.6142;6.1083;m;90.111;2.0609
10;39.05303446;51.50780588;88.0501;215.6142;6.1083;m;90.111;2.0609
11;39.05298323;51.50776124;88.0501;215.6142;6.1083;m;90.111;2.0609
12;39.052932;51.50771661;88.0501;215.6142;6.1083;m;90.111;2.0609
13;39.05288077;51.50767198;88.0501;215.6142;6.1083;m;90.111;2.0609
14;39.05282954;51.50762734;88.0501;215.6142;6.1083;m;89.6675;1.6174
15;39.0527783;51.50758271;88.0501;215.6142;6.1083;m;89.6675;1.6174
16;39.05272707;51.50753808;88.0501;215.6142;6.1083;m;89.6675;1.6174
17;39.05267584;51.50749344;88.0501;215.6142;6.1083;m;89.6675;1.6174
18;39.05262461;51.50744881;88.0501;215.6142;6.1083;m;90.5981;2.548
19;39.05257337;51.50740418;88.0501;215.6142;6.1083;m;90.5981;2.548
20;39.05252214;51.50735954;88.0501;215.6142;6.1083;m;91.7363;3.6862
21;39.05247091;51.50731491;88.0501;215.6142;6.1083;m;91.7363;3.6862
22;39.05241968;51.50727028;88.0501;215.6142;6.1083;m;91.7363;3.6862
23;0;51.50730415;88.0501;215.6142;7.2164;m;;
24;0;51.50724643;88.0501;215.6143;6.8606;m;;
25;0;0;89.4267;215.6143;6.904;m;;
26;0;0;89.4267;215.6143;7.4982;m;;
27;0;0;89.4267;215.6144;6.8037;m;;
28;0;0;89.4267;215.6144;7.1724;m;;
29;0;0;89.4267;215.6144;6.9043;m;;
30;0;0;89.2712;215.6144;6.1424;m;;
31;0;0;89.2712;215.6145;6.5393;m;;
32;0;0;89.2712;215.6145;7.3913;m;;
33;0;0;89.2712;215.6145;7.3005;m;;
34;0;0;89.2712;215.6146;7.717;m;;
35;0;0;89.1093;215.6146;7.4883;m;;
36;0;0;89.1093;215.6146;6.9636;m;;
37;0;0;89.1093;215.6147;7.3316;m;;
38;0;0;89.1093;215.6147;6.9009;m;;
39;0;0;89.1093;215.6147;7.3143;m;;
40;0;0;89.1093;215.6148;7.5755;m;;
41;0;0;90.4921;215.6148;6.9315;m;;
42;0;0;90.4921;215.6148;6.7477;m;;
43;0;0;90.4921;215.6148;7.1291;m;;
44;0;0;86.1761;215.6149;7.5578;m;;
45;0;0;86.1761;215.6149;7.1128;m;;
46;0;0;88.4273;215.6149;7.3279;m;;
47;0;0;88.4273;215.615;7.4742;m;;
48;0;0;88.4273;215.615;7.2236;m;;
49;0;0;83.5;215.615;6.5937;m;;
50;0;0;83.5;215.6151;7.0187;m;;
51;0;0;85.7326;215.6151;7.1536;m;;
52;0;0;85.7326;215.6151;7.2607;m;;
53;0;0;85.7326;215.6152;7.7682;m;;
54;0;0;85.7326;215.6152;6.3234;m;;
55;0;0;85.7326;215.6152;6.4653;m;;
56;0;0;85.7326;215.6152;6.9962;m;;
57;0;0;87.8983;215.6153;6.7504;m;;
58;0;0;83.5;215.6153;7.8211;m;;
59;0;0;83.5;215.6153;6.9025;m;;
60;0;0;83.5;215.6154;7.3425;m;;
61;0;0;83.5;215.6154;6.2027;m;;
62;0;0;86.8385;215.6154;6.2113;m;;
63;0;0;83.5;215.6155;6.7002;m;;
64;0;0;83.5;215.6155;7.1306;m;;
65;0;0;83.5;215.6155;7.4252;m;;
66;0;0;83.5;215.6155;7.073;m;;
67;0;0;83.5;215.6156;6.7137;m;;
68;0;0;83.5;215.6156;7.3486;m;;
69;0;0;83.5;215.6156;7.7152;m;;
70;0;0;83.5;215.6157;6.2978;m;;
71;0;0;83.5;215.6157;6.7964;m;;
72;0;0;83.5;215.6157;6.437;m;;
73;0;0;83.5;215.6158;7.9545;m;;
74;0;0;83.5;215.6158;6.3057;m;;
75;0;0;83.5;215.6158;6.1804;m;;
76;0;0;83.5;215.6158;6.2236;m;;
77;0;0;83.5;215.6159;6.4138;m;;
78;0;0;83.5;215.6159;6.2248;m;;
79;0;0;83.5;215.6159;6.1671;m;;
80;0;0;83.5;215.616;7.3112;m;;
81;0;0;83.5;215.616;7.4967;m;;
82;0;0;83.5;215.616;7.4117;m;;
83;0;0;83.5;215.6161;7.623;m;;
84;0;0;83.5;215.6161;7.7836;m;;
85;0;0;83.5;215.6161;6.8004;m;;
86;0;0;83.5;215.6161;6.8976;m;;
87;0;0;83.5;215.6162;7.1521;m;;
88;0;0;83.5;215.6162;7.4245;m;;
89;0;0;83.5;215.6162;6.5772;m;;
90;0;0;83.5;215.6163;6.5497;m;;
91;0;0;83.5;215.6163;7.4738;m;;
92;0;0;83.5;215.6163;7.1088;m;;
93;0;0;83.5;215.6164;8.0898;m;;
94;0;0;83.5;215.6164;7.4329;m;;
95;0;0;83.5;215.6164;6.8265;m;;
96;0;0;83.5;215.6165;6.4104;m;;
97;0;0;83.5;215.6165;6.5822;m;;
98;0;0;83.5;215.6165;7.177;m;;
99;0;0;83.5;215.6165;7.1337;m;;
100;0;0;83.5;215.6166;7.8351;m;;
101;0;0;83.5;215.6166;6.3736;m;;
102;0;0;83.5;215.6166;7.9367;m;;
103;0;0;83.5;215.6167;6.705;m;;
104;0;0;83.5;215.6167;7.0814;m;;
105;0;0;83.5;215.6167;7.5861;m;;
106;0;0;83.5;215.6168;6.5344;m;;
107;0;0;83.5;215.6168;6.7199;m;;
108;0;0;83.5;215.6168;7.0147;m;;
109;0;0;83.5;215.6169;6.9086;m;;
110;0;0;83.5;215.6169;7.8748;m;;
111;0;0;83.5;215.6169;8.0742;m;;
112;0;0;83.5;215.617;6.5617;m;;
113;0;0;83.5;215.617;6.6749;m;;
114;0;0;83.5;215.617;6.5713;m;;
115;0;0;83.5;215.617;6.7684;m;;
116;0;0;83.5;215.6171;6.2686;m;;
117;0;0;83.5;215.6171;6.36;m;;
118;0;0;83.5;215.6171;7.6887;m;;
119;0;0;83.5;215.6172;7.7143;m;;
120;0;0;83.5;215.6172;6.7918;m;;
121;0;0;83.5;215.6172;7.6969;m;;
122;0;0;83.5;215.6173;6.3674;m;;
123;0;0;83.5;215.6173;7.9361;m;;
124;0;0;83.5;215.6173;7.5593;m;;
125;0;0;83.5;215.6174;7.3497;m;;
126;0;0;83.5;215.6174;7.82;m;;
127;0;0;83.5;215.6174;6.4969;m;;
128;0;0;83.5;215.6174;7.2437;m;;
129;0;0;83.5;215.6175;6.7481;m;;
130;0;0;83.5;215.6175;6.8272;m;;
131;0;0;83.5;215.6175;7.4621;m;;
132;0;0;83.5;215.6176;6.9127;m;;
133;0;0;83.5;215.6176;7.2184;m;;
134;0;0;83.5;215.6176;8.0974;m;;
135;0;0;83.5;215.6177;7.9241;m;;
136;0;0;83.5;215.6177;6.7443;m;;
137;0;0;83.5;215.6177;7.2049;m;;
138;0;0;83.5;215.6178;6.3744;m;;
139;0;0;83.5;215.6178;6.7858;m;;
140;0;0;83.5;215.6178;6.3798;m;;
141;0;0;83.5;215.6178;7.0445;m;;
142;0;0;83.5;215.6179;8.0365;m;;
143;0;0;83.5;215.6179;6.1277;m;;
144;0;0;83.5;215.6179;7.1232;m;;
145;0;0;83.5;215.618;6.5622;m;;
146;0;0;83.5;215.618;7.4581;m;;
147;0;0;89.7018;215.618;7.7824;m;;
148;0;0;89.7018;215.6181;6.8911;m;;
149;0;0;87.3897;215.6181;7.6662;m;;
150;0;0;87.3897;215.6181;6.8694;m;;
151;0;0;87.3897;215.6182;7.1934;m;;
152;0;0;87.3897;215.6182;7.9283;m;;
153;0;0;87.3897;215.6182;8.086;m;;
154;0;0;83.5;215.6183;7.4027;m;;
155;0;0;83.5;215.6183;7.2583;m;;
156;0;0;91.0325;215.6183;8.0916;m;;
157;0;0;91.0325;215.6184;7.2303;m;;
158;0;0;91.0325;215.6184;6.4199;m;;
159;0;0;90.0522;215.6184;7.0111;m;;
160;0;0;90.0522;215.6185;8.0862;m;;
161;0;0;91.4888;215.6185;7.1669;m;;
162;0;0;91.4888;215.6185;6.1104;m;;
163;0;0;91.4888;215.6185;6.883;m;;
164;0;0;91.8343;215.6186;6.8359;m;;
165;0;0;91.8343;215.6186;7.9318;m;;
166;0;0;91.8343;215.6186;6.7863;m;;
167;0;0;91.8343;215.6187;6.2675;m;;
168;0;0;91.8343;215.6187;8.045;m;;
169;0;0;91.8343;215.6187;8.0735;m;;
170;0;0;91.5266;215.6188;6.1379;m;;
171;0;0;91.5266;215.6188;7.0738;m;;
172;0;0;91.5266;215.6188;6.856;m;;
173;0;0;91.5266;215.6188;6.7221;m;;
174;0;0;91.5266;215.6189;7.2483;m;;
175;0;0;91.7917;215.6189;7.1007;m;;
176;0;0;91.7917;215.6189;7.4421;m;;
177;0;0;91.7917;215.619;7.8512;m;;
178;0;0;91.7917;215.619;7.3268;m;;
179;0;0;91.7917;215.619;7.3047;m;;
180;0;0;91.4457;215.6191;6.3224;m;;
181;0;0;91.4457;215.6191;7.7639;m;;
182;0;0;91.4457;215.6191;6.8289;m;;
183;0;0;91.4457;215.6192;6.5567;m;;
184;0;0;91.4275;215.6192;7.6742;m;;
185;0;0;91.4275;215.6192;7.1008;m;;
186;0;0;91.318;215.6192;6.7496;m;;
187;0;0;91.318;215.6193;6.491;m;;
188;0;0;91.318;215.6193;6.817;m;;
189;0;0;91.7579;215.6193;6.8379;m;;
190;0;0;91.7579;215.6194;7.8056;m;;
191;0;0;91.5589;215.6194;7.0233;m;;
192;0;0;91.5589;215.6194;7.4295;m;;
193;0;0;91.5589;215.6195;7.9058;m;;
194;0;0;91.5589;215.6195;6.9025;m;;
195;0;0;91.5589;215.6195;6.5698;m;;
196;0;0;91.432;215.6196;7.79;m;;
197;0;0;91.432;215.6196;7.0448;m;;
198;0;0;91.3551;215.6196;6.4605;m;;
199;0;0;91.3551;215.6197;7.8254;m;;
200;0;0;91.3551;215.6197;7.3;m;;
201;0;0;91.3551;215.6197;6.4256;m;;
202;0;0;91.1898;215.6197;6.5994;m;;
203;0;0;91.3939;215.6198;7.8451;m;;
204;0;0;91.3939;215.6198;6.4225;m;;
205;0;0;91.3939;215.6198;7.1719;m;;
206;0;0;91.3939;215.6199;7.8422;m;;
207;0;0;91.3102;215.6199;6.7896;m;;
208;0;0;91.3102;215.6199;6.7168;m;;
209;0;0;91.3102;215.62;8.0011;m;;
210;0;0;91.3102;215.62;6.9567;m;;
211;0;0;91.3102;215.62;7.8032;m;;
212;0;0;91.4461;215.6201;7.8444;m;;
213;0;0;91.4461;215.6201;6.1245;m;;
214;0;0;91.4461;215.6201;7.7948;m;;
215;0;0;91.4461;215.6202;7.3895;m;;
216;0;0;91.4461;215.6202;7.6053;m;;
217;0;0;91.3159;215.6202;6.4958;m;;
218;0;0;91.3309;215.6202;6.2976;m;;
219;0;0;91.3309;215.6203;6.164;m;;
220;0;0;91.3309;215.6203;8.0527;m;;
221;0;0;91.3309;215.6203;6.5992;m;;
222;0;0;91.3309;215.6204;6.6516;m;;
223;0;0;91.3931;215.6204;7.8825;m;;
224;0;0;91.3931;215.6204;7.6544;m;;
225;0;0;91.3931;215.6205;6.8909;m;;
226;0;0;91.1541;215.6205;6.8827;m;;
227;0;0;91.1541;215.6205;7.145;m;;
228;0;0;91.1541;215.6205;6.7843;m;;
229;0;0;91.4195;215.6206;6.183;m;;
230;0;0;91.4195;215.6206;6.3059;m;;
231;0;0;91.3191;215.6206;7.102;m;;
232;0;0;91.3191;215.6207;7.5167;m;;
233;0;0;91.3191;215.6207;7.0015;m;;
234;0;0;91.1981;215.6207;7.438;m;;
235;0;0;91.1981;215.6208;6.2155;m;;
236;0;0;91.1981;215.6208;6.2465;m;;
237;0;0;91.1981;215.6208;6.3298;m;;
238;0;0;91.1981;215.6208;6.8136;m;;
239;0;0;91.1981;215.6209;6.3405;m;;
240;0;0;91.5873;215.6209;7.1857;m;;
241;0;0;91.0371;215.6209;8.0331;m;;
242;0;0;91.0371;215.621;7.3794;m;;
243;0;0;91.0371;215.621;7.6911;m;;
244;0;0;91.0371;215.621;6.5669;m;;
245;0;0;91.2031;215.6211;7.185;m;;
246;0;0;91.2031;215.6211;7.8111;m;;
247;0;0;91.2031;215.6211;6.6156;m;;
248;0;0;91.2031;215.6212;7.5784;m;;
249;0;0;91.2031;215.6212;7.674;m;;
250;0;0;91.0792;215.6212;6.5046;m;;
251;0;0;91.0792;215.6213;7.6678;m;;
252;0;0;91.0792;215.6213;6.1368;m;;
253;0;0;91.0792;215.6213;6.7341;m;;
254;0;0;91.0792;215.6213;6.2566;m;;
255;0;0;91.2129;215.6214;7.0817;m;;
256;0;0;91.05;215.6214;7.413;m;;
257;0;0;91.05;215.6214;7.245;m;;
258;0;0;91.05;215.6215;7.8105;m;;
259;0;0;91.0385;215.6215;6.3865;m;;
260;0;0;91.0385;215.6215;7.0003;m;;
261;0;0;91.1742;215.6216;7.3374;m;;
262;0;0;91.1742;215.6216;6.1679;m;;
263;0;0;91.1742;215.6216;7.2043;m;;
264;0;0;91.1742;215.6216;7.8486;m;;
265;0;0;91.1742;215.6217;7.2731;m;;
266;0;0;91.1742;215.6217;6.32;m;;
267;0;0;90.8798;215.6217;7.8427;m;;
268;0;0;90.601;215.6218;6.9914;m;;
269;0;0;90.601;215.6218;7.6192;m;;
270;0;0;90.601;215.6218;6.1928;m;;
271;0;0;90.601;215.6219;6.8204;m;;
272;0;0;90.5244;215.6219;7.9987;m;;
273;0;-5.60E-05;90.1795;215.6219;7.1474;m;;
274;0;-9.58E-05;90.1795;215.622;7.6148;m;;
275;-3.98E-05;-0.0001518;90.1795;215.622;7.6202;m;;
276;0;-0.0001518;90.1795;215.622;6.7649;m;;
277;0;-5.60E-05;90.3354;215.6221;7.8835;m;;
278;0;0;90.3354;215.6221;6.8162;m;;
279;0;0;90.3354;215.6221;7.5457;m;;
280;0;0;90.3354;215.6221;7.8997;m;;
281;0;0;90.3354;215.6222;7.9475;m;;
282;0;0;90.3062;215.6222;6.939;m;;
283;0;0;90.3062;215.6222;7.9399;m;;
284;0;0;90.3062;215.6223;8.1038;m;;
285;0;0;90.3062;215.6223;7.5193;m;;
286;0;0;90.5133;215.6223;7.3092;m;;
287;0;0;90.5843;215.6224;7.3688;m;;
288;0;0;90.5843;215.6224;7.6337;m;;
289;0;0;90.5843;215.6224;8.031;m;;
290;0;0;90.5843;215.6225;7.2979;m;;
291;0;0;90.5843;215.6225;7.0218;m;;
292;0;0;90.3373;215.6225;7.6798;m;;
293;0;0;90.3373;215.6226;8.0885;m;;
294;0;0;90.3373;215.6226;6.8648;m;;
295;0;0;90.398;215.6226;6.5373;m;;
296;0;0;90.398;215.6227;6.8817;m;;
297;0;0;90.398;215.6227;7.0794;m;;
298;0;0;90.5319;215.6227;7.5214;m;;
299;0;0;90.5319;215.6228;6.1413;m;;
300;0;0;90.5342;215.6228;6.9946;m;;
301;0;0;90.5342;215.6228;6.4583;m;;
302;0;0;90.5342;215.6228;6.4815;m;;
303;0;0;90.5342;236.6528;6.1359;m;;
304;0;0;90.5039;238.2481;6.5;m;;
305;0;0;90.5039;238.2481;6.0293;m;;
306;0;0;90.5039;238.2481;6.1696;m;;
307;0;-2.48E-05;90.5039;238.2481;5.5814;m;;
308;0;-6.47E-05;90.6043;238.2481;5.2194;m;;
309;-3.99E-05;-8.96E-05;90.6043;238.2482;5.2227;m;;
310;0;-8.96E-05;90.6043;238.2482;5.6924;m;;
311;0;-2.48E-05;90.6043;238.2482;5.7422;m;;
312;0;0;90.5802;238.2482;6.758;m;;
313;0;0;90.5802;238.2482;5.8308;m;;
314;0;0;90.5707;238.2482;5.5438;m;;
315;0;0;90.5707;238.2482;5.8362;m;;
316;0;0;90.5707;238.2483;6.5469;m;;
317;0;0;90.5707;238.2483;6.2802;m;;
318;0;0;90.5707;238.2483;6.0611;m;;
319;0;0;90.5707;238.2483;6.0406;m;;
320;0;0;90.4288;238.2483;5.6254;m;;
321;0;-2.93E-05;90.4288;238.2483;6.0886;m;;
322;0;-7.63E-05;90.4288;238.2484;6.1534;m;;
323;-4.70E-05;-0.00010557;90.3189;238.2484;6.1541;m;;
324;0;-0.00010557;90.3189;238.2484;6.3908;m;;
325;0;-2.93E-05;90.3189;238.2484;5.56;m;;
326;0;0;90.3189;238.2484;6.5147;m;;
327;0;0;90.3189;238.2484;5.2182;m;;
328;0;0;90.3189;238.2485;6.3043;m;;
329;0;0;90.3189;238.2485;6.0703;m;;
330;0;0;90.3189;238.2485;6.4988;m;;
331;0;0;90.769;238.2485;6.8538;m;;
332;0;0;90.769;238.2485;6.2318;m;;
333;0;0;90.6183;238.2485;6.7121;m;;
334;0;0;90.8169;238.2486;5.7245;m;;
335;0;0;90.8169;238.2486;6.4564;m;;
336;0;0;90.8169;238.2486;5.9902;m;;
337;0;0;90.8169;238.2486;6.0185;m;;
338;0;0;90.8169;238.2486;5.677;m;;
339;0;0;90.8169;238.2486;6.0299;m;;
340;0;0;90.8169;238.2487;6.298;m;;
341;0;0;90.8169;238.2487;5.5591;m;;
342;0;0;90.7062;238.2487;6.4274;m;;
343;0;0;90.8434;238.2487;6.1385;m;;
344;0;0;90.8434;238.2487;5.5478;m;;
345;0;0;90.8434;238.2487;5.6602;m;;
346;0;0;90.4742;238.2488;6.3196;m;;
347;0;0;90.4742;238.2488;6.717;m;;
348;0;0;90.4742;238.2488;6.3345;m;;
349;0;0;90.4742;238.2488;5.2296;m;;
350;0;0;90.4742;238.2488;5.5803;m;;
351;0;0;90.4742;238.2488;5.4108;m;;
352;0;0;90.4742;238.2488;5.5826;m;;
353;0;0;90.752;238.2489;5.4059;m;;
354;0;0;90.5371;238.2489;6.393;m;;
355;0;0;90.5371;238.2489;6.3144;m;;
356;0;0;90.5371;238.2489;6.5126;m;;
357;0;0;90.4015;238.2489;5.791;m;;
358;0;0;90.4015;238.2489;6.0528;m;;
359;0;0;90.4015;238.249;5.2308;m;;
360;0;0;90.4015;238.249;6.2219;m;;
361;0;0;90.4015;238.249;5.65;m;;
362;0;0;90.4015;238.249;6.2805;m;;
363;0;0;90.5999;238.249;5.6372;m;;
364;0;0;90.5999;238.249;6.5891;m;;
365;0;0;90.9272;238.249;5.4268;m;;
366;0;0;90.9272;238.2491;6.5844;m;;
367;0;0;90.9272;238.2491;6.3438;m;;
368;0;0;90.9272;238.2491;5.1872;m;;
369;0;0;90.3277;238.2491;5.2787;m;;
370;0;0;90.3277;238.2491;6.4953;m;;
371;0;0;90.3277;238.2491;6.1928;m;;
372;0;0;90.3277;238.2492;5.2624;m;;
373;0;0;90.7977;238.2492;5.402;m;;
374;0;0;90.7977;238.2492;5.7122;m;;
375;0;0;90.7977;238.2492;5.336;m;;
376;0;0;90.7977;238.2492;6.3463;m;;
377;0;0;90.1107;238.2492;6.4768;m;;
378;0;0;90.1107;238.2493;6.5827;m;;
379;0;0;90.1107;238.2493;5.309;m;;
380;0;0;89.9294;238.2493;5.3521;m;;
381;0;0;89.9294;238.2493;6.7388;m;;
382;0;0;90.0446;238.2493;6.6054;m;;
383;0;0;90.0446;238.2493;6.3769;m;;
384;0;0;90.0446;238.2494;5.9729;m;;
385;0;0;90.0446;238.2494;6.1498;m;;
386;0;0;90.0446;238.2494;5.7161;m;;
387;0;0;90.0446;238.2494;5.3091;m;;
388;0;0;89.4733;238.2494;6.4332;m;;
389;0;-2.98E-05;89.4733;238.2494;5.7326;m;;
390;0;-7.76E-05;89.4733;238.2494;6.2559;m;;
391;-4.78E-05;-0.00010733;89.0527;238.2495;6.2579;m;;
392;0;-0.00010733;89.3073;238.2495;6.3284;m;;
393;0;-2.98E-05;89.3073;238.2495;5.7992;m;;
394;0;0;89.3073;238.2495;6.2368;m;;
395;0;0;89.3073;238.2495;5.5958;m;;
396;0;0;89.3073;238.2495;5.2215;m;;
397;0;0;89.3073;238.2496;6.7225;m;;
398;0;0;89.3073;238.2496;5.5134;m;;
399;0;0;89.25;238.2496;6.1183;m;;
400;0;0;89.25;238.2496;6.5357;m;;
401;0;0;89.25;238.2496;6.5214;m;;
402;0;0;88.9732;238.2496;6.6581;m;;
403;0;0;90.1455;238.2497;6.557;m;;
404;0;0;90.1455;238.2497;6.3277;m;;
405;0;0;90.1455;238.2497;6.0121;m;;
406;0;0;90.1455;238.2497;5.2289;m;;
407;0;0;90.1455;238.2497;6.3849;m;;
408;0;0;90.1455;238.2497;5.2941;m;;
409;0;0;90.1455;238.2497;5.1832;m;;
410;0;0;90.3125;238.2498;6.6511;m;;
411;0;0;90.3125;238.2498;5.187;m;;
412;0;0;90.3482;238.2498;5.7932;m;;
413;0;0;90.3482;238.2498;5.8095;m;;
414;0;0;90.9974;238.2498;6.1911;m;;
415;0;0;90.9974;238.2498;5.1917;m;;
416;0;0;90.9974;238.2499;6.0482;m;;
417;0;0;90.9974;238.2499;5.3665;m;;
418;0;0;90.9974;238.2499;6.2558;m;;
419;0;0;90.9974;238.2499;6.3017;m;;
420;0;0;90.9974;238.2499;5.7059;m;;
421;0;0;90.9974;238.2499;5.6679;m;;
422;0;0;90.7025;238.25;5.9354;m;;
423;0;0;90.7025;238.25;6.1996;m;;
424;0;0;90.7025;238.25;6.7786;m;;
425;0;0;90.7636;238.25;6.7699;m;;
426;0;0;90.7636;238.25;6.4184;m;;
427;0;0;90.7636;238.25;6.5678;m;;
428;0;0;90.7636;238.2501;6.6483;m;;
429;0;0;90.7636;238.2501;5.5327;m;;
430;0;0;90.7636;238.2501;6.0131;m;;
431;0;0;90.7864;238.2501;5.6399;m;;
432;0;0;90.7864;238.2501;5.3765;m;;
433;0;0;91.6599;238.2501;5.2225;m;;
434;0;0;91.6599;238.2501;5.8087;m;;
435;0;0;91.6599;238.2502;6.5199;m;;
436;0;0;91.6599;238.2502;6.5767;m;;
437;0;0;92.0513;238.2502;6.226;m;;
438;0;0;92.0513;238.2502;6.866;m;;
439;0;0;92.0513;238.2502;5.8993;m;;
440;0;0;92.0513;238.2502;6.3403;m;;
441;0;0;91.7441;238.2503;6.6661;m;;
442;0;0;91.7441;238.2503;5.4196;m;;
443;0;0;91.7441;238.2503;5.253;m;;
444;0;0;92.5209;238.2503;6.1263;m;;
445;0;0;92.5209;238.2503;5.2451;m;;
446;0;0;92.5209;238.2503;6.0383;m;;
447;0;0;92.5209;238.2504;5.641;m;;
448;0;0;93.5816;238.2504;5.9232;m;;
449;0;0;93.5816;238.2504;5.7241;m;;
450;0;0;93.5816;238.2504;6.7685;m;;
451;0;0;93.7598;238.2504;5.9786;m;;
452;0;0;93.7598;238.2504;5.7573;m;;
453;0;-3.16E-05;93.7598;238.2504;5.6266;m;;
454;0;-8.24E-05;93.7598;238.2505;6.6471;m;;
455;-5.08E-05;-0.00011404;93.7598;238.2505;6.642;m;;
456;0;-0.00011404;93.1027;238.2505;5.5307;m;;
457;0;-3.16E-05;93.1027;238.2505;6.4092;m;;
458;0;0;93.1027;238.2505;6.4908;m;;
459;0;0;92.7085;238.2505;5.7474;m;;
460;0;0;92.7085;238.2506;5.6568;m;;
461;0;0;92.9886;238.2506;6.1317;m;;
462;0;0;92.9886;238.2506;6.5511;m;;
463;0;0;92.9886;238.2506;6.5623;m;;
464;0;0;92.9886;238.2506;5.7905;m;;
465;0;0;92.9886;238.2506;6.5941;m;;
466;0;0;92.9886;238.2507;5.9215;m;;
467;0;0;93.5151;238.2507;6.0495;m;;
468;0;0;93.5151;238.2507;6.8657;m;;
469;0;0;93.5151;238.2507;6.3204;m;;
470;0;0;93.7274;238.2507;6.0763;m;;
471;0;0;93.7274;238.2507;5.4856;m;;
472;0;0;93.7274;238.2508;6.1982;m;;
473;0;0;93.7274;238.2508;6.1108;m;;
474;0;0;93.7274;238.2508;6.7684;m;;
475;0;0;93.7274;238.2508;5.5464;m;;
476;0;0;93.7274;238.2508;6.6407;m;;
477;0;0;93.7274;238.2508;6.4216;m;;
478;0;0;93.9749;238.2509;5.2618;m;;
479;0;0;93.9749;238.2509;5.5904;m;;
480;0;0;93.533;238.2509;6.165;m;;
481;0;0;93.039;238.2509;6.7949;m;;
482;0;0;93.039;238.2509;6.3342;m;;
483;0;0;93.039;238.2509;6.462;m;;
484;0;0;93.039;238.251;5.5694;m;;
485;0;0;93.039;238.251;5.3825;m;;
486;0;0;93.039;238.251;6.8361;m;;
487;0;0;93.039;238.251;6.537;m;;
488;0;0;93.039;238.251;5.8746;m;;
489;0;0;94.0198;238.251;5.3453;m;;
490;0;0;94.0198;238.251;5.6301;m;;
491;0;0;94.0198;238.2511;5.2012;m;;
492;0;0;94.0198;238.2511;5.7567;m;;
493;0;0;93.6389;238.2511;6.0347;m;;
494;0;0;93.6389;238.2511;5.8965;m;;
495;0;0;93.6389;238.2511;5.7746;m;;
496;0;0;93.6389;238.2511;6.2573;m;;
497;0;0;93.6389;238.2512;6.2487;m;;
498;0;0;93.6389;238.2512;5.5279;m;;
499;0;0;94.0741;238.2512;6.2212;m;;
500;0;0;94.7214;238.2512;6.5197;m;;
501;0;0;94.7214;238.2512;5.5962;m;;
502;0;0;94.7214;238.2512;6.8441;m;;
503;0;0;94.7214;238.2513;5.9349;m;;
504;0;0;94.4162;238.2513;5.9417;m;;
505;0;0;94.4162;238.2513;5.2256;m;;
506;0;0;94.4162;238.2513;6.3583;m;;
507;0;0;94.4162;238.2513;6.1769;m;;
508;0;0;94.4162;238.2513;6.6882;m;;
509;0;0;93.947;238.2514;6.3976;m;;
510;0;0;93.947;238.2514;6.6947;m;;
511;0;0;93.947;216.7864;6.04;m;;
512;0;0;93.2464;201.7992;6.9094;m;;
513;0;0;93.2464;201.7992;8.2597;m;;
514;0;0;92.7866;201.7993;9.072;m;;
515;0;0;92.7866;201.7993;7.1184;m;;
516;0;0;92.7866;201.7993;8.2217;m;;
517;0;0;92.7866;201.7994;8.1863;m;;
518;0;0;92.8125;201.7994;8.6262;m;;
519;0;-7.37E-05;92.8125;201.7994;7.4328;m;;
520;0;-0.00010291;92.8125;201.7994;8.7714;m;;
521;-2.93E-05;-0.00017657;92.8125;201.7995;8.7703;m;;
522;0;-0.00017657;92.6359;201.7995;8.4281;m;;
523;0;-7.37E-05;92.6359;201.7995;7.5219;m;;
524;0;0;92.6359;201.7996;7.1171;m;;
525;0;0;92.6359;201.7996;8.7315;m;;
526;0;0;92.6359;201.7996;7.3106;m;;
527;0;0;92.3432;201.7996;8.5386;m;;
528;0;0;92.3432;201.7997;7.0993;m;;
529;0;0;92.3432;201.7997;7.6569;m;;
530;0;0;92.3432;201.7997;8.6065;m;;
531;0;0;93.4157;201.7998;7.9661;m;;
532;0;0;93.4157;201.7998;7.6874;m;;
533;0;0;93.4157;201.7998;7.3968;m;;
534;0;0;93.4157;201.7998;7.2204;m;;
535;0;0;93.3258;201.7999;8.8905;m;;
536;0;0;93.3258;201.7999;7.4416;m;;
537;0;0;93.3258;201.7999;8.5058;m;;
538;0;0;92.8648;201.8;8.1941;m;;
539;0;0;92.3708;201.8;7.6467;m;;
540;0;0;92.3708;201.8;6.9773;m;;
541;0;0;92.3708;201.8;7.0844;m;;
542;0;0;92.3708;201.8001;6.9764;m;;
543;0;0;92.3708;201.8001;8.5208;m;;
544;0;0;93.2951;201.8001;7.2157;m;;
545;0;0;93.2951;201.8002;8.3985;m;;
546;0;0;93.2951;201.8002;7.2259;m;;
547;0;0;93.2951;201.8002;7.8888;m;;
548;0;0;93.2925;201.8002;9.0943;m;;
549;0;0;93.2925;201.8003;9.1059;m;;
550;0;0;93.2925;201.8003;7.7177;m;;
551;0;0;94.1778;201.8003;8.2499;m;;
552;0;0;94.2695;201.8004;8.2977;m;;
553;0;0;94.2695;201.8004;7.8243;m;;
554;0;0;94.2695;201.8004;7.4808;m;;
555;0;0;94.2695;201.8004;6.9536;m;;
556;0;0;94.3709;201.8005;8.6131;m;;
557;0;0;94.3709;201.8005;7.1143;m;;
558;0;0;93.1226;201.8005;8.667;m;;
559;0;0;93.1226;201.8006;8.4632;m;;
560;0;0;93.2937;201.8006;7.3981;m;;
561;0;0;93.2937;201.8006;8.8714;m;;
562;0;0;93.2937;201.8006;8.1274;m;;
563;0;0;93.2937;201.8007;7.1226;m;;
564;0;0;93.2937;201.8007;7.0846;m;;
565;0;0;94.196;201.8007;7.4109;m;;
566;0;0;94.196;201.8008;8.3405;m;;
567;0;0;94.196;201.8008;8.8393;m;;
568;0;0;94.196;201.8008;8.7773;m;;
569;0;0;96.0749;201.8008;7.5408;m;;
570;0;0;96.0749;201.8009;8.285;m;;
571;0;0;96.2339;201.8009;7.0389;m;;
572;0;0;96.2339;201.8009;8.026;m;;
573;0;0;97.0943;201.801;7.4435;m;;
574;0;0;97.0943;201.801;7.008;m;;
575;0;0;97.0943;201.801;8.3789;m;;
576;0;0;97.0943;201.801;8.0024;m;;
577;0;0;96.4712;201.8011;8.9416;m;;
578;0;0;96.4712;201.8011;8.5664;m;;
579;0;0;96.4712;201.8011;9.0882;m;;
580;0;0;96.4712;201.8012;6.9923;m;;
581;0;0;95.4424;201.8012;6.9247;m;;
582;0;0;95.4424;201.8012;7.4505;m;;
583;0;0;95.4424;201.8013;9.1128;m;;
584;0;0;95.4424;201.8013;7.5631;m;;
585;0;0;95.4424;201.8013;7.2904;m;;
586;0;0;94.878;201.8013;8.4664;m;;
587;0;0;94.878;201.8014;7.5266;m;;
588;0;0;94.878;201.8014;8.6544;m;;
589;0;0;94.878;201.8014;7.2722;m;;
590;0;0;94.6977;201.8014;7.7946;m;;
591;0;0;94.6977;201.8015;7.2175;m;;
592;0;0;94.6977;201.8015;8.8174;m;;
593;0;0;94.6977;201.8015;8.8827;m;;
594;0;0;94.4517;201.8016;7.2226;m;;
595;0;0;94.4517;201.8016;8.0023;m;;
596;0;0;94.4517;201.8016;8.477;m;;
597;0;0;94.7975;201.8016;7.0055;m;;
598;0;0;95.2588;201.8017;8.3576;m;;
599;0;0;95.2588;201.8017;7.3717;m;;
600;0;0;95.2588;201.8017;6.942;m;;
601;0;0;95.2588;201.8018;8.8519;m;;
602;0;0;95.2043;201.8018;8.2715;m;;
603;0;0;95.2043;201.8018;8.0521;m;;
604;0;0;95.2043;201.8019;8.3743;m;;
605;0;0;95.2043;201.8019;8.8412;m;;
606;0;0;95.2043;201.8019;7.4886;m;;
607;0;0;94.7282;201.8019;8.8874;m;;
608;0;0;94.7282;201.802;7.4275;m;;
609;0;0;94.7282;201.802;7.5594;m;;
610;0;0;96.1059;201.802;7.0469;m;;
611;0;0;96.5518;201.8021;7.9828;m;;
612;0;0;96.5518;201.8021;7.5889;m;;
613;0;0;96.5518;201.8021;7.6394;m;;
614;0;0;96.5518;201.8021;8.8482;m;;
615;0;0;96.5623;201.8022;8.1488;m;;
616;0;0;99.1582;201.8022;7.7514;m;;
617;0;0;99.1582;201.8022;6.8685;m;;
618;0;0;99.1582;201.8022;7.8132;m;;
619;0;0;100.3319;201.8023;7.0078;m;;
620;0;0;100.3319;201.8023;7.6948;m;;
621;0;0;100.3319;201.8023;7.9813;m;;
622;0;0;100.3319;201.8024;7.8928;m;;
623;0;0;100.3319;201.8024;8.0748;m;;
624;0;0;99.7045;201.8024;8.1912;m;;
625;0;0;99.7045;201.8025;8.9639;m;;
626;0;0;99.7045;201.8025;8.6409;m;;
627;0;0;96.8667;201.8025;8.8089;m;;
628;0;0;96.8667;201.8025;7.5419;m;;
629;0;0;97.1636;201.8026;7.646;m;;
630;0;0;97.1636;201.8026;6.8379;m;;
631;0;0;97.1636;201.8026;6.8934;m;;
632;0;0;95.6602;201.8026;7.8993;m;;
633;0;0;95.6602;201.8027;7.3521;m;;
634;0;0;95.6602;201.8027;7.6637;m;;
635;0;0;95.6602;201.8027;8.4268;m;;
636;0;0;96.8964;201.8028;7.5093;m;;
637;0;0;96.8964;201.8028;7.4733;m;;
638;0;0;96.8964;201.8028;7.3778;m;;
639;0;0;96.8964;201.8028;8.3124;m;;
640;0;0;96.8964;201.8029;8.3859;m;;
641;0;0;96.3735;201.8029;7.0716;m;;
642;0;0;96.3735;201.8029;7.72;m;;
643;0;0;96.3735;201.803;7.5002;m;;
644;0;0;96.3735;201.803;8.3671;m;;
645;0;0;96.0604;201.803;9.0487;m;;
646;0;0;96.0604;201.803;7.5711;m;;
647;0;0;96.0604;201.8031;8.1833;m;;
648;0;0;96.0604;201.8031;8.7319;m;;
649;0;0;96.0133;201.8031;8.8897;m;;
650;0;0;96.0133;201.8032;7.6556;m;;
651;0;0;96.0133;201.8032;8.7873;m;;
652;0;0;96.0133;201.8032;7.0297;m;;
653;0;0;96.3268;201.8033;8.3742;m;;
654;0;0;96.3268;201.8033;8.2288;m;;
655;0;0;96.3268;201.8033;7.8963;m;;
656;0;0;98.7565;201.8033;8.5005;m;;
657;0;0;99.9102;201.8034;8.0065;m;;
658;0;0;99.9102;201.8034;8.5437;m;;
659;0;0;99.9102;201.8034;7.7586;m;;
660;0;0;99.9102;201.8035;8.317;m;;
661;0;0;97.6275;201.8035;6.9668;m;;
662;0;0;97.6275;201.8035;8.9088;m;;
663;0;0;97.6275;201.8035;6.9194;m;;
664;0;0;97.6275;201.8036;7.1173;m;;
665;0;0;97.6275;201.8036;7.0466;m;;
666;0;0;97.7773;201.8036;8.1011;m;;
667;0;0;97.7773;201.8036;7.1469;m;;
668;0;0;97.7773;201.8037;7.6477;m;;
669;0;0;101.3937;201.8037;7.9395;m;;
670;0;0;99.8558;201.8037;7.5478;m;;
671;0;0;99.8558;201.8038;7.6516;m;;
672;0;0;99.8558;201.8038;8.3962;m;;
673;0;0;99.8558;201.8038;8.7491;m;;
674;0;0;99.4253;201.8039;8.4557;m;;
675;0;0;99.4253;201.8039;6.8963;m;;
676;0;0;106.4238;201.8039;8.7526;m;;
677;0;0;106.4238;201.8039;8.5723;m;;
678;0;0;106.5565;201.804;7.6306;m;;
679;0;0;106.5565;201.804;7.196;m;;
680;0;0;106.5565;201.804;9.1004;m;;
681;0;0;106.5565;201.8041;7.7868;m;;
682;0;0;106.2234;201.8041;7.8414;m;;
683;0;0;106.2234;201.8041;7.9222;m;;
684;0;0;106.2234;201.8041;8.7021;m;;
685;0;0;106.2234;201.8042;9.102;m;;
686;0;0;105.236;201.8042;8.507;m;;
687;0;0;105.236;201.8042;7.5477;m;;
688;0;0;111.6619;201.8043;8.036;m;;
689;0;0;111.6619;201.8043;8.7899;m;;
690;0;0;108.5641;201.8043;7.1431;m;;
691;0;0;108.5641;201.8043;7.3551;m;;
692;0;0;108.5641;201.8044;8.3673;m;;
693;0;0;108.5641;201.8044;7.2883;m;;
694;0;0;108.5641;201.8044;8.9295;m;;
695;0;0;110.9399;201.8045;9.113;m;;
696;0;0;110.9399;201.8045;7.4233;m;;
697;0;0;110.9399;201.8045;7.9721;m;;
698;0;0;110.9399;201.8045;7.5672;m;;
699;0;0;113.6652;201.8046;8.1267;m;;
700;0;0;113.6652;201.8046;7.8859;m;;
701;0;0;113.6652;201.8046;7.802;m;;
702;0;0;113.6652;201.8047;7.3214;m;;
703;0;0;114.1942;201.8047;8.1777;m;;
704;0;0;114.1942;201.8047;7.0528;m;;
705;0;0;114.1942;201.8047;8.9945;m;;
706;0;0;114.1942;201.8048;7.9581;m;;
707;0;0;113.2888;201.8048;7.1888;m;;
708;0;0;119.3318;201.8048;8.3253;m;;
709;0;0;119.3318;201.8049;7.3006;m;;
710;0;0;119.3318;201.8049;8.7138;m;;
711;0;0;120.2705;201.8049;7.5437;m;;
712;0;0;120.2705;201.805;8.6298;m;;
713;0;0;120.2705;201.805;7.4755;m;;
714;0;0;127.7313;201.805;8.9769;m;;
715;0;0;127.7313;201.805;7.088;m;;
716;0;0;129.2903;201.8051;8.5815;m;;
717;0;0;129.2903;201.8051;8.7675;m;;
718;0;0;129.2903;201.8051;8.6205;m;;
719;0;0;129.2903;201.8052;7.6502;m;;
720;0;0;129.2164;201.8052;7.9884;m;;
721;0;0;129.2164;201.8052;7.8567;m;;
722;0;0;129.2164;201.8052;8.9774;m;;
723;0;0;129.2164;201.8053;7.6745;m;;
724;0;0;126.6784;201.8053;6.9906;m;;
725;0;0;126.6784;201.8053;8.308;m;;
726;0;0;126.6784;201.8054;7.5506;m;;
727;0;0;130.701;201.8054;7.8378;m;;
728;0;0;129.6173;201.8054;7.9725;m;;
729;0;0;129.6173;201.8054;7.9237;m;;
730;0;0;129.6173;201.8055;7.6911;m;;
731;0;0;129.6173;201.8055;7.4518;m;;
732;0;0;133.0852;201.8055;8.0021;m;;
733;0;0;133.0852;201.8056;7.0188;m;;
734;0;0;137.9691;201.8056;7.5565;m;;
735;0;0;137.9691;201.8056;7.4505;m;;
736;0;0;137.9691;201.8056;7.9689;m;;
737;0;0;137.9019;201.8057;8.0374;m;;
738;0;0;137.9019;201.8057;7.3148;m;;
739;0;0;137.9019;201.8057;8.63;m;;
740;0;0;137.9019;201.8057;7.3149;m;;
741;0;0;137.9195;201.8058;8.7863;m;;
742;0;0;137.9195;201.8058;8.2668;m;;
743;0;0;137.9195;201.8058;7.2128;m;;
744;0;0;137.9195;201.8059;9.1132;m;;
745;0;0;137.6515;201.8059;8.1603;m;;
746;0;0;137.6515;201.8059;7.585;m;;
747;0;0;141.6704;201.806;8.6104;m;;
748;0;0;141.6704;201.806;7.4896;m;;
749;0;0;140.8111;201.806;8.3693;m;;
750;0;0;140.8111;201.806;7.5934;m;;
751;0;0;140.8111;201.8061;8.3771;m;;
752;0;0;140.8111;201.8061;7.939;m;;
753;0;0;141.9355;201.8061;8.0346;m;;
754;0;0;141.9355;201.8062;8.3296;m;;
755;0;0;141.9355;201.8062;8.9534;m;;
756;0;0;141.9355;201.8062;7.6497;m;;
757;0;0;141.9694;201.8062;8.2865;m;;
758;0;0;141.9694;201.8063;8.5172;m;;
759;0;0;141.9694;201.8063;8.2837;m;;
760;0;0;141.9694;201.8063;8.5735;m;;
761;0;0;141.1508;201.8064;9.0542;m;;
762;0;0;141.1508;201.8064;7.6773;m;;
763;0;0;141.1508;201.8064;7.236;m;;
764;0;0;141.1508;201.8065;6.869;m;;
765;0;0;141.1508;201.8065;8.0251;m;;
766;0;0;139.247;201.8065;7.3839;m;;
767;0;0;139.247;201.8065;7.4058;m;;
768;0;0;139.247;201.8066;8.9448;m;;
769;0;0;139.247;201.8066;7.0954;m;;
770;0;-6.39E-05;137.2847;201.8066;7.1109;m;;
771;0;-8.94E-05;137.2847;201.8066;7.6145;m;;
772;-2.54E-05;-0.00015328;137.2847;201.8067;7.6107;m;;
773;0;-0.00015328;138.2416;201.8067;7.4622;m;;
774;0;-6.39E-05;132.0309;201.8067;6.9772;m;;
775;0;0;132.0309;201.8068;7.2457;m;;
776;0;0;132.0309;201.8068;8.0413;m;;
777;0;0;132.0309;201.8068;7.2203;m;;
778;0;0;132.0309;201.8068;7.1179;m;;
779;0;0;130.2905;201.8069;8.6164;m;;
780;0;0;130.2905;201.8069;7.1992;m;;
781;0;0;130.2905;201.8069;7.5642;m;;
782;0;0;130.2905;201.8069;8.7438;m;;
783;0;0;129.95;201.807;8.5019;m;;
784;0;0;129.95;201.807;7.4978;m;;
785;0;0;129.95;201.807;8.7002;m;;
786;0;0;126.9761;201.8071;7.6715;m;;
787;0;0;127.7711;201.8071;9.086;m;;
788;0;0;127.7711;201.8071;8.6016;m;;
789;0;0;127.7711;201.8072;7.5406;m;;
790;0;0;127.7711;201.8072;8.2019;m;;
791;0;0;128.4095;201.8072;7.8916;m;;
792;0;0;128.4095;201.8072;7.262;m;;
793;0;0;125.0879;201.8073;7.4422;m;;
794;0;0;125.0879;201.8073;7.701;m;;
795;0;0;125.0879;201.8073;6.9462;m;;
796;0;0;125.0256;201.8073;7.6845;m;;
797;0;0;125.0256;201.8074;8.1813;m;;
798;0;0;125.0256;201.8074;7.6582;m;;
799;0;0;125.0256;201.8074;7.5243;m;;
800;0;0;125.0521;201.8075;7.7837;m;;
801;0;0;125.0521;201.8075;7.4492;m;;
802;0;0;125.0521;201.8075;7.5089;m;;
803;0;0;125.0521;201.8075;7.2817;m;;
804;0;0;125.1948;201.8076;7.908;m;;
805;0;0;125.1948;201.8076;7.0624;m;;
806;0;0;118.2802;201.8076;8.2838;m;;
807;0;0;118.2802;205.3992;7.7911;m;;
808;0;0;118.2802;224.9661;6.1515;m;;
809;0;0;117.5697;224.9661;6.6721;m;;
810;0;0;117.5697;224.9661;7.3221;m;;
811;0;0;113.2804;224.9661;7.3873;m;;
812;0;0;113.2804;224.9662;5.6665;m;;
813;0;0;113.2804;224.9662;6.1139;m;;
814;0;0;113.2804;224.9662;6.3525;m;;
815;0;0;113.2804;224.9662;6.8605;m;;
816;0;0;111.7374;224.9663;6.8737;m;;
817;0;0;111.7374;224.9663;7.4602;m;;
818;0;0;111.7374;224.9663;6.6216;m;;
819;0;0;111.3352;224.9664;5.742;m;;
820;0;0;111.3352;224.9664;6.0257;m;;
821;0;0;111.3352;224.9664;6.7461;m;;
822;0;0;111.3352;224.9664;7.1795;m;;
823;0;0;114.5;224.9665;7.0535;m;;
824;0;0;114.5;224.9665;7.5101;m;;
825;0;0;114.5;224.9665;6.3431;m;;
826;0;0;114.5;224.9665;6.781;m;;
827;0;0;114.5;224.9666;6.1957;m;;
828;0;0;114.5;224.9666;6.6146;m;;
829;0;0;114.6417;224.9666;6.927;m;;
830;0;0;114.6417;224.9666;6.2651;m;;
831;0;0;119.0846;224.9667;6.6937;m;;
832;0;0;119.0846;224.9667;7.3116;m;;
833;0;0;119.0846;224.9667;5.95;m;;
834;0;0;119.0846;224.9668;6.5117;m;;
835;0;0;119.0846;224.9668;5.945;m;;
836;0;0;120.9818;224.9668;6.9753;m;;
837;0;0;120.9818;224.9668;5.7688;m;;
838;0;0;120.9818;224.9669;6.7208;m;;
839;0;0;120.9818;224.9669;6.2027;m;;
840;0;0;120.9818;224.9669;7.2814;m;;
841;0;0;120.9818;224.9669;6.5108;m;;
842;0;0;118.3065;224.967;5.8122;m;;
843;0;0;118.3065;224.967;7.0439;m;;
844;0;0;121.5339;224.967;5.7507;m;;
845;0;0;121.5339;224.967;5.7381;m;;
846;0;0;121.5339;224.9671;6.1542;m;;
847;0;0;121.5339;224.9671;6.2895;m;;
848;0;0;122.838;224.9671;7.4071;m;;
849;0;0;120.6741;224.9671;5.7656;m;;
850;0;0;120.6741;224.9672;5.9644;m;;
851;0;0;120.6741;224.9672;6.84;m;;
852;0;0;120.6741;224.9672;6.1095;m;;
853;0;0;120.6741;224.9672;5.8927;m;;
854;0;0;120.6741;224.9673;6.5186;m;;
855;0;0;120.6741;224.9673;6.4245;m;;
856;0;0;117.332;224.9673;6.5485;m;;
857;0;0;118.7542;224.9673;7.3882;m;;
858;0;0;118.7542;224.9674;6.5522;m;;
859;0;0;118.7542;224.9674;6.4578;m;;
860;0;0;118.7542;224.9674;6.8157;m;;
861;0;0;118.4017;224.9674;7.3171;m;;
862;0;0;118.4017;224.9675;7.0392;m;;
863;0;0;115.4409;224.9675;6.1706;m;;
864;0;0;115.4409;224.9675;6.85;m;;
865;0;0;115.4409;224.9675;5.9876;m;;
866;0;0;115.4409;224.9676;6.9496;m;;
867;0;0;115.4409;224.9676;6.6335;m;;
868;0;0;115.4409;224.9676;7.3345;m;;
869;0;0;113.1207;224.9677;6.3494;m;;
870;0;0;113.1207;224.9677;7.5043;m;;
871;0;0;113.1207;224.9677;6.1023;m;;
872;0;0;113.1207;224.9677;6.4744;m;;
873;0;0;114.531;224.9678;6.0675;m;;
874;0;0;114.531;224.9678;6.3813;m;;
875;0;0;114.531;224.9678;5.7834;m;;
876;0;0;113.8712;224.9678;6.9085;m;;
877;0;0;113.8712;224.9679;5.9044;m;;
878;0;0;113.8712;224.9679;7.1376;m;;
879;0;0;113.8712;224.9679;6.3007;m;;
880;0;0;113.8712;224.9679;6.0258;m;;
881;0;0;113.8712;224.968;6.3607;m;;
882;0;0;114.1011;224.968;6.0049;m;;
883;0;0;112.6943;224.968;5.9174;m;;
884;0;0;112.6943;224.968;6.4045;m;;
885;0;0;112.6943;224.9681;6.6299;m;;
886;0;0;114.1643;224.9681;7.127;m;;
887;0;0;114.1643;224.9681;6.9431;m;;
888;0;0;114.1643;224.9681;7.1792;m;;
889;0;0;112.9502;224.9682;7.2538;m;;
890;0;0;112.9502;224.9682;6.4532;m;;
891;0;0;112.9502;224.9682;6.8022;m;;
892;0;0;112.9502;224.9683;6.9111;m;;
893;0;0;112.9502;224.9683;7.467;m;;
894;0;0;113.4747;224.9683;6.2744;m;;
895;0;0;113.4747;224.9683;6.6396;m;;
896;0;0;114.5711;224.9684;7.4956;m;;
897;0;0;114.5711;224.9684;6.9498;m;;
898;0;0;114.8217;224.9684;5.8586;m;;
899;0;0;114.8217;224.9684;6.6812;m;;
900;0;0;114.8217;224.9685;6.006;m;;
901;0;0;114.8217;224.9685;6.3478;m;;
902;0;0;114.8217;224.9685;6.6848;m;;
903;0;0;117.2327;224.9685;6.1214;m;;
904;0;0;117.2327;224.9686;6.5763;m;;
905;0;0;117.2327;224.9686;6.7892;m;;
906;0;0;117.2327;224.9686;5.9428;m;;
907;0;0;115.9592;224.9687;7.0249;m;;
908;0;0;115.9592;224.9687;6.7287;m;;
909;0;0;119.4244;224.9687;6.1986;m;;
910;0;0;119.4244;224.9687;6.3075;m;;
911;0;0;117.3483;224.9688;6.6245;m;;
912;0;0;117.3483;224.9688;6.172;m;;
913;0;0;117.3483;224.9688;6.3143;m;;
914;0;0;117.3483;224.9688;7.4505;m;;
915;0;0;117.3483;224.9689;7.0003;m;;
916;0;0;121.4512;224.9689;7.3336;m;;
917;0;0;121.4512;224.9689;6.0052;m;;
918;0;0;121.4512;224.9689;6.3859;m;;
919;0;0;118.3777;224.969;5.8624;m;;
920;0;0;118.3777;224.969;6.1529;m;;
921;0;0;118.3777;224.969;7.3519;m;;
922;0;0;118.3777;224.969;6.6389;m;;
923;0;0;118.9728;224.9691;6.2344;m;;
924;0;0;118.9728;224.9691;6.4792;m;;
925;0;0;118.9728;224.9691;7.3961;m;;
926;0;0;118.9728;224.9692;7.4605;m;;
927;0;0;118.9728;224.9692;6.1349;m;;
928;0;0;118.9728;224.9692;6.6897;m;;
929;0;0;123.6046;224.9692;6.3394;m;;
930;0;0;123.6046;224.9693;5.7005;m;;
931;0;0;119.5758;224.9693;6.6121;m;;
932;0;0;119.5758;224.9693;6.3851;m;;
933;0;0;119.5758;224.9693;6.279;m;;
934;0;0;119.5758;224.9694;7.076;m;;
935;0;0;118.2267;224.9694;6.9443;m;;
936;0;0;120.3017;224.9694;5.7823;m;;
937;0;0;120.3017;224.9694;5.9128;m;;
938;0;0;120.3017;224.9695;7.492;m;;
939;0;0;120.3017;224.9695;6.737;m;;
940;0;0;120.3017;224.9695;6.2119;m;;
941;0;0;120.3017;224.9695;7.2307;m;;
942;0;0;120.3017;224.9696;6.0992;m;;
943;0;0;124.6083;224.9696;6.2433;m;;
944;0;0;121.1136;224.9696;5.9923;m;;
945;0;0;121.1136;224.9696;5.6726;m;;
946;0;0;121.1136;224.9697;6.7887;m;;
947;0;0;121.1136;224.9697;6.9126;m;;
948;0;0;120.9609;224.9697;5.6789;m;;
949;0;0;120.9609;224.9697;5.6721;m;;
950;0;0;122.0456;224.9698;7.5079;m;;
951;0;0;122.0456;224.9698;7.2265;m;;
952;0;0;122.326;224.9698;7.3831;m;;
953;0;0;122.326;224.9699;6.4901;m;;
954;0;0;122.326;224.9699;7.2837;m;;
955;0;0;122.326;224.9699;7.1651;m;;
956;0;0;123.4846;224.9699;7.4871;m;;
957;0;0;123.4846;224.97;7.3633;m;;
958;0;0;123.4846;224.97;6.4555;m;;
959;0;0;123.4846;224.97;6.8614;m;;
960;0;0;125.0957;224.9701;6.9905;m;;
961;0;0;125.0957;224.9701;6.9771;m;;
962;0;0;125.4633;224.9701;7.1656;m;;
963;0;0;125.4633;224.9701;7.5236;m;;
964;0;0;125.4633;224.9702;5.8871;m;;
965;0;0;125.4633;224.9702;7.3124;m;;
966;0;0;125.4633;224.9702;5.6934;m;;
967;0;0;125.4633;224.9702;6.5134;m;;
968;0;0;130.8014;224.9703;5.912;m;;
969;0;0;128.4298;224.9703;6.4802;m;;
970;0;0;128.4298;224.9703;6.3729;m;;
971;0;0;128.4298;224.9703;5.986;m;;
972;0;0;128.4298;224.9704;6.0879;m;;
973;0;0;138.1103;224.9704;6.1238;m;;
974;0;0;138.1103;224.9704;7.1901;m;;
975;0;0;138.1103;224.9704;6.0746;m;;
976;0;0;137.0508;224.9705;6.7909;m;;
977;0;0;137.0508;224.9705;7.4041;m;;
978;0;0;137.0508;224.9705;6.2395;m;;
979;0;0;137.0508;224.9705;6.7538;m;;
980;0;0;137.0508;224.9706;7.2688;m;;
981;0;0;148.8117;224.9706;5.7998;m;;
982;0;0;148.3589;224.9706;6.9641;m;;
983;0;0;148.3589;224.9707;6.3389;m;;
984;0;0;148.3589;224.9707;7.4584;m;;
985;0;0;154.6593;224.9707;5.9545;m;;
986;0;0;154.6593;224.9707;6.6859;m;;
987;0;0;154.6593;224.9708;6.189;m;;
988;0;0;154.6593;224.9708;6.5014;m;;
989;0;0;156.7896;224.9708;6.1578;m;;
990;0;0;156.7896;224.9708;7.1951;m;;
991;0;0;156.7896;224.9709;6.6504;m;;
992;0;0;156.7896;224.9709;6.2713;m;;
993;0;0;160.3284;224.9709;5.7655;m;;
994;0;0;160.3284;224.9709;7.5129;m;;
995;0;0;160.9208;224.971;7.3516;m;;
996;0;0;160.9208;224.971;6.0041;m;;
997;0;0;163.3716;224.971;6.9508;m;;
998;0;0;163.3716;224.971;6.3641;m;;
999;0;0;163.3716;224.9711;5.7837;m;;
1000;0;0;163.3716;224.9711;6.3733;m;;
1001;0;0;163.3716;224.9711;6.1553;m;;
1002;0;0;163.8867;224.9712;7.3629;m;;
1003;0;0;163.8867;224.9712;7.4347;m;;
1004;0;0;163.8867;224.9712;6.4399;m;;
1005;0;0;163.8867;224.9712;7.1511;m;;
1006;0;0;166.0954;224.9713;7.1664;m;;
1007;0;0;166.0954;224.9713;7.4037;m;;
1008;0;0;165.9186;224.9713;6.8012;m;;
1009;0;0;167.3534;224.9713;6.7609;m;;
1010;0;0;167.3534;224.9714;6.9791;m;;
1011;0;0;167.3534;224.9714;6.5948;m;;
1012;0;0;167.3534;224.9714;7.4133;m;;
1013;0;0;167.3534;224.9715;7.0479;m;;
1014;0;0;167.3534;224.9715;5.6717;m;;
1015;0;0;169.3049;224.9715;7.3053;m;;
1016;0;0;169.3049;224.9715;6.5347;m;;
1017;0;0;169.3049;224.9716;5.7094;m;;
1018;0;0;172.1842;224.9716;6.4334;m;;
1019;0;0;172.1842;224.9716;5.8607;m;;
1020;0;0;172.1842;224.9716;7.0709;m;;
1021;0;0;172.1842;224.9717;5.9754;m;;
1022;0;0;177.7242;224.9717;6.564;m;;
1023;0;0;177.7242;224.9717;7.2598;m;;
1024;0;0;177.7242;224.9717;7.358;m;;
1025;0;0;177.7242;224.9718;5.8701;m;;
1026;0;0;177.7242;224.9718;6.0575;m;;
1027;0;0;177.7242;224.9718;7.388;m;;
1028;0;0;181.5622;224.9718;6.5805;m;;
1029;0;0;181.5622;224.9719;5.6536;m;;
1030;0;0;182.4307;224.9719;6.6229;m;;
1031;0;0;182.4307;224.9719;7.0284;m;;
1032;0;0;182.4307;224.972;7.3046;m;;
1033;0;0;182.4307;224.972;6.0799;m;;
1034;0;0;179.6655;224.972;6.284;m;;
1035;0;0;177.3815;224.972;7.507;m;;
1036;0;0;177.3815;224.9721;7.0901;m;;
1037;0;0;177.3815;224.9721;7.3792;m;;
1038;0;0;177.3815;224.9721;6.465;m;;
1039;0;0;177.3815;224.9721;7.3593;m;;
1040;0;0;177.3815;224.9722;6.3317;m;;
1041;0;0;176.3458;224.9722;6.135;m;;
1042;0;0;174.8087;224.9722;7.0869;m;;
1043;0;0;174.8087;224.9722;6.752;m;;
1044;0;0;174.8087;224.9723;5.7174;m;;
1045;0;0;174.8087;224.9723;5.7858;m;;
1046;0;0;174.8087;224.9723;7.0126;m;;
1047;0;0;175.1068;224.9724;7.2092;m;;
1048;0;0;176.0781;224.9724;6.585;m;;
1049;0;0;176.0781;224.9724;6.6838;m;;
1050;0;0;176.0781;224.9724;5.9684;m;;
1051;0;0;176.0781;224.9725;6.5803;m;;
1052;0;0;176.0781;224.9725;5.8896;m;;
1053;0;0;176.0781;224.9725;6.2259;m;;
1054;0;0;176.0781;224.9725;5.7264;m;;
1055;0;0;181.6496;224.9725;6.1536;m;;
1056;0;0;181.6496;224.9726;6.9898;m;;
1057;0;0;181.6496;224.9726;6.0099;m;;
1058;0;0;181.6496;224.9726;6.9232;m;;
1059;0;0;188.2548;224.9727;6.743;m;;
1060;0;0;188.2548;224.9727;7.4189;m;;
1061;0;0;188.9793;224.9727;6.6658;m;;
1062;0;0;188.9793;224.9727;6.5422;m;;
1063;0;0;188.9793;224.9728;6.3332;m;;
1064;0;0;188.9793;224.9728;6.8015;m;;
1065;0;0;188.9793;224.9728;7.2146;m;;
